Client_ID,Date,Profession,Income,Loan_Balance,Gender
1,1960-01-01,Doctor,51640.92191907339,11493.764541828432,Male
2,1960-01-15,Engineer,,6241.044749524079,Female
3,1960-01-30,Designer,,7868.212018972284,Male
4,1960-02-14,Engineer,53358.26036418697,15742.228545983773,Female
5,1960-02-29,Engineer,38142.88316832032,10566.352052688822,Female
6,1960-03-15,Developer,57072.025357039936,2808.610108413167,Male
7,1960-03-30,Designer,78230.3674471255,14596.144672876017,Female
8,1960-04-14,Designer,70181.30069232467,6659.27957230503,Female
9,1960-04-29,Designer,73897.79939959096,19366.488881087727,Male
10,1960-05-14,Engineer,42331.76485353222,15400.240328573243,Female
11,1960-05-29,Doctor,35155.92769612129,7763.390521706244,Male
12,1960-06-13,Designer,48113.19619850528,16405.081808675564,Female
13,1960-06-28,Engineer,50835.87368433042,10339.277552637017,Male
14,1960-07-13,Developer,66412.87277706423,14263.868375611099,Female
15,1960-07-28,Doctor,24613.03055427771,12423.664086472374,Female
16,1960-08-12,Developer,72943.2547919092,5768.216725045632,Female
17,1960-08-27,Doctor,47629.88152131516,6782.25083841269,Male
18,1960-09-11,Engineer,43596.7839507887,15149.804087905806,Male
19,1960-09-26,Manager,34818.434371097486,8326.123339467296,Male
20,1960-10-11,Doctor,25177.14992201346,7981.757683790016,Male
21,1960-10-26,Developer,62347.55875942872,5224.387103253235,Female
22,1960-11-10,Engineer,51099.76950782606,12117.995327967306,Female
23,1960-11-25,Doctor,30650.58650388419,20312.624596215726,Male
24,1960-12-10,Manager,30573.818419045758,4662.335428728636,Male
25,1960-12-25,Manager,44963.229510648074,10121.09728336379,Male
26,1961-01-09,Designer,75035.32287934089,17061.102777077147,Female
27,1961-01-24,Designer,46106.12972954593,9601.793043771424,Male
28,1961-02-08,Developer,27452.855703228408,12261.85898124867,Male
29,1961-02-23,Doctor,46313.85403871084,4688.032359265601,Female
30,1961-03-10,Doctor,45909.146453784946,12141.535486038243,Female
31,1961-03-25,Designer,9546.700355876426,9064.278674977257,Male
32,1961-04-09,Doctor,49185.577002232814,14928.649978399315,Female
33,1961-04-24,Doctor,46535.98204686983,15936.930257823755,Male
34,1961-05-09,Manager,60443.095472201276,22947.81821009307,Female
35,1961-05-24,Designer,77734.34142418018,12898.165866067879,Male
36,1961-06-08,Engineer,66898.47544321636,11628.981582910832,Male
37,1961-06-23,Designer,45966.669641677545,10971.92150788668,Male
38,1961-07-08,Engineer,33402.11136887495,8234.16853594656,Male
39,1961-07-23,Manager,88600.3970487479,11692.419217308456,Female
40,1961-08-07,Developer,50888.27651021732,8522.992949304853,Female
41,1961-08-22,Doctor,,10842.304881348071,Female
42,1961-09-06,Manager,49638.12369334995,16587.987678039797,Female
43,1961-09-21,Doctor,52971.271411517824,4967.287173601794,Male
44,1961-10-06,Developer,47834.593821140865,15699.392805645228,Male
45,1961-10-21,Developer,41395.069896796456,16585.575336699327,Female
46,1961-11-05,Manager,41797.115881394115,9409.657365044606,Female
47,1961-11-20,Developer,49508.70094676002,-609.2744950429733,Female
48,1961-12-05,Engineer,41848.62843299352,6960.890064527837,Female
49,1961-12-20,Developer,39307.313259842536,16484.972732805545,Female
50,1962-01-04,Doctor,51596.453415378455,9885.65968850559,Male
51,1962-01-19,Doctor,46175.34173868717,5003.488838525446,Male
52,1962-02-03,Doctor,72559.89482874033,7476.1253938589125,Male
53,1962-02-18,Doctor,10235.45287410482,14203.100132522766,Female
54,1962-03-05,Engineer,66372.60277883692,12733.667841006896,Female
55,1962-03-20,Designer,68691.27788746444,8805.339504151529,Female
56,1962-04-04,Manager,18899.146513877757,8165.877940926563,Female
57,1962-04-19,Doctor,44859.68608879477,8041.209254780891,Male
58,1962-05-04,Developer,44428.38701006313,5387.949077507487,Male
59,1962-05-19,Doctor,28887.32457923268,18076.878447347208,Female
60,1962-06-03,Developer,38332.74968613687,8388.3976539433,Male
61,1962-06-18,Developer,,16085.792604127482,Male
62,1962-07-03,Doctor,,17606.580259612256,Female
63,1962-07-18,Engineer,64035.17589721191,14991.554490739802,Female
64,1962-08-02,Developer,69073.32642491237,7841.898436409758,Female
65,1962-08-17,Developer,60825.08096064853,12018.650451683046,Female
66,1962-09-01,Doctor,33064.22343174156,9879.02196804542,Female
67,1962-09-16,Developer,42132.196005803395,5481.4906963493595,Female
68,1962-10-01,Developer,57340.61841841877,11621.796408608016,Male
69,1962-10-16,Doctor,31668.082866620818,4104.801044200987,Male
70,1962-10-31,Doctor,60694.97645258582,15938.39694230782,Female
71,1962-11-15,Manager,46395.119027627974,7676.913513508034,Male
72,1962-11-30,Engineer,44377.68788675604,11005.798279364197,Female
73,1962-12-15,Engineer,60664.39952305237,11416.439357730711,Female
74,1962-12-30,Developer,56663.9496722906,8705.475131479614,Female
75,1963-01-14,Engineer,44585.507512713804,12933.469007376374,Female
76,1963-01-29,Developer,67389.94705046373,7625.481716887378,Male
77,1963-02-13,Manager,33784.05008600154,14356.48648728622,Female
78,1963-02-28,Doctor,59239.034104163955,3270.1015987662577,Male
79,1963-03-15,Doctor,58896.51886952575,10631.897897732058,Female
80,1963-03-30,Doctor,45356.803410290144,19694.644995291426,Female
81,1963-04-14,Engineer,54891.99533363177,4998.343376972126,Female
82,1963-04-29,Manager,31233.296354220456,6611.275147375743,Male
83,1963-05-14,Engineer,63860.40528810352,12569.539248294575,Female
84,1963-05-29,Engineer,47226.46795335517,10897.90890969799,Female
85,1963-06-13,Manager,42159.154692214404,11753.150496367796,Female
86,1963-06-28,Manager,65735.13838755334,12445.935650738318,Male
87,1963-07-13,Manager,39434.84464185861,13173.60734280885,Male
88,1963-07-28,Manager,28873.080554546606,15548.499209781115,Male
89,1963-08-12,Doctor,26650.562397141442,12049.093284642562,Female
90,1963-08-27,Designer,59090.14927018459,8793.711726907288,Male
91,1963-09-11,Designer,,13362.868506013656,Female
92,1963-09-26,Manager,76321.91272976546,19499.409674476075,Male
93,1963-10-11,Designer,18771.058881744168,9336.831268087131,Male
94,1963-10-26,Designer,75446.84552435057,5127.353476646793,Female
95,1963-11-10,Manager,53165.26200803927,15535.403346434865,Male
96,1963-11-25,Designer,48549.30332194411,9398.094180232009,Female
97,1963-12-10,Engineer,41826.21369786575,-863.3477300701816,Female
98,1963-12-25,Developer,55987.04171528106,14237.108385752108,Male
99,1964-01-09,Developer,49435.47946362727,7323.359070230386,Female
100,1964-01-24,Manager,66549.52823024782,9547.333588479196,Female
101,1964-02-07,Doctor,51713.41472993059,11659.901652845072,Male
102,1964-02-22,Manager,52254.52642192817,10952.498398895332,Male
103,1964-03-08,Doctor,44545.81681679216,13547.259085695197,Female
104,1964-03-23,Developer,49145.81564418399,7822.568147150783,Male
105,1964-04-07,Manager,54617.026533380886,12565.528990880413,Female
106,1964-04-22,Engineer,24347.474110150615,8702.266612080413,Female
107,1964-05-07,Designer,29777.218668414305,13694.052404437516,Male
108,1964-05-22,Doctor,61148.96141034072,13076.837420065267,Male
109,1964-06-06,Designer,52562.981571919125,5322.806489777024,Male
110,1964-06-21,Designer,47240.24995470981,15429.910580875161,Male
111,1964-07-06,Manager,50276.5089959809,7320.18277442976,Female
112,1964-07-21,Designer,55213.72558042507,14040.288991405725,Female
113,1964-08-05,Engineer,41903.60479535958,11836.436567006704,Male
114,1964-08-20,Designer,38325.42911896531,19190.918383975615,Male
115,1964-09-04,Manager,52937.67882646522,8882.67008814074,Female
116,1964-09-19,Engineer,35324.40833577452,8253.416019409013,Female
117,1964-10-04,Developer,56123.79133571708,9902.901970561337,Female
118,1964-10-19,Designer,24461.245936432395,8484.101085828623,Female
119,1964-11-03,Manager,65437.33455988466,13999.70950971025,Male
120,1964-11-18,Developer,57088.96223619564,1918.4469578170601,Female
121,1964-12-03,Developer,53840.44601470813,4731.58790426823,Female
122,1964-12-18,Doctor,64740.36475918271,4660.985392104035,Male
123,1965-01-02,Engineer,74982.11666693864,14751.537959867877,Female
124,1965-01-17,Designer,65215.55097527196,18553.066862909625,Female
125,1965-02-01,Manager,22386.88653002532,9477.753907312643,Male
126,1965-02-16,Doctor,30806.345498964478,9155.891384049946,Male
127,1965-03-03,Engineer,40627.72133456482,10350.260815565907,Male
128,1965-03-18,Doctor,50391.36575316251,15809.391513040951,Female
129,1965-04-02,Engineer,57764.88530703685,5363.23432904713,Female
130,1965-04-17,Engineer,39113.84280269802,11191.844913673925,Male
131,1965-05-02,Designer,52801.50146715617,14875.988148912149,Male
132,1965-05-17,Engineer,38669.256014700164,12505.470849699226,Female
133,1965-06-01,Doctor,40827.23295512078,10947.908082993717,Male
134,1965-06-16,Engineer,28900.083547276667,15005.230462835705,Male
135,1965-07-01,Designer,36151.50130833643,-3516.1614649961866,Male
136,1965-07-16,Designer,29724.730915754997,13389.376597654538,Female
137,1965-07-31,Doctor,35361.90120534001,6729.621584362882,Female
138,1965-08-15,Developer,65804.62694911759,846.8355157177157,Female
139,1965-08-30,Developer,35759.01666752085,12556.012997624905,Female
140,1965-09-14,Engineer,89485.73097256086,16868.29272581479,Female
141,1965-09-29,Manager,57399.76851321334,9312.75742686154,Female
142,1965-10-14,Engineer,52772.54185542311,14764.372736014695,Male
143,1965-10-29,Doctor,37124.6332972818,18061.391289943225,Female
144,1965-11-13,Doctor,60504.64819113487,16574.572267920237,Female
145,1965-11-28,Doctor,41365.43260643339,18199.822646856963,Male
146,1965-12-13,Doctor,51830.147219680424,13710.637455359461,Female
147,1965-12-28,Doctor,88401.26807403192,10377.168194507964,Female
148,1966-01-12,Designer,48559.10150413025,1990.1709405141573,Male
149,1966-01-27,Developer,67239.09989428514,8769.687559350257,Male
150,1966-02-11,Doctor,39452.35362311169,5783.767023419041,Male
151,1966-02-26,Manager,49475.17264254557,20854.713587489066,Female
152,1966-03-13,Manager,76562.00953453264,9120.570937838316,Male
153,1966-03-28,Manager,40595.494133183485,10616.02403392243,Female
154,1966-04-12,Manager,77186.72836995393,12757.426880202338,Female
155,1966-04-27,Designer,60616.279031832135,10218.012231862269,Female
156,1966-05-12,Manager,41562.99836158598,18475.255202153763,Female
157,1966-05-27,Doctor,59486.116085832815,6886.75319132774,Male
158,1966-06-11,Engineer,64588.316744400945,10973.037276186213,Male
159,1966-06-26,Manager,59327.149433257946,6287.6470715097585,Female
160,1966-07-11,Designer,26446.629201643154,3399.8874438964713,Male
161,1966-07-26,Designer,39092.94236262697,6941.154545473573,Female
162,1966-08-10,Manager,46287.22046672743,9814.81601475794,Female
163,1966-08-25,Engineer,48883.498563499306,7853.4888774137,Female
164,1966-09-09,Manager,59310.08146326017,6537.89510063072,Male
165,1966-09-24,Designer,52665.51501399881,2968.4126816408307,Female
166,1966-10-09,Developer,29969.83461934848,9584.472136856526,Female
167,1966-10-24,Doctor,55702.967765089445,2476.398129844989,Male
168,1966-11-08,Designer,,13800.279818448013,Male
169,1966-11-23,Manager,58396.856718965595,10412.198764672516,Male
170,1966-12-08,Doctor,66211.71088331932,2712.242502675347,Male
171,1966-12-23,Manager,62508.83231823356,8453.954614750683,Female
172,1967-01-07,Manager,56887.70118842655,6239.217972047084,Male
173,1967-01-22,Developer,48947.51432812029,11595.872552095901,Female
174,1967-02-06,Doctor,,16702.252230115722,Male
175,1967-02-21,Doctor,56444.273286988784,624.1376517712779,Male
176,1967-03-08,Developer,53115.31530744667,10575.130395737086,Male
177,1967-03-23,Designer,54073.6825579306,9199.336022166797,Male
178,1967-04-07,Manager,30848.77136269536,13356.70038225233,Male
179,1967-04-22,Engineer,33784.151893876064,11065.983141188446,Male
180,1967-05-07,Manager,65797.29279999355,6240.153341305904,Female
181,1967-05-22,Manager,49406.672692150176,8404.73032166691,Male
182,1967-06-06,Designer,60222.510460589365,6019.870715982555,Male
183,1967-06-21,Manager,50424.77564195692,15380.035692992991,Male
184,1967-07-06,Developer,50446.34209243618,10106.558243359712,Male
185,1967-07-21,Developer,64074.25708963996,19505.95342876504,Female
186,1967-08-05,Doctor,42259.32907673939,9696.695930926897,Male
187,1967-08-20,Engineer,51441.811654114754,6457.966165447686,Male
188,1967-09-04,Manager,43065.87066942436,2431.428036935864,Male
189,1967-09-19,Manager,43482.55658851527,984.3016187202738,Male
190,1967-10-04,Designer,45362.41814797041,2079.3202849725512,Female
191,1967-10-19,Developer,53332.00657450569,11335.633255057417,Male
192,1967-11-03,Engineer,,12543.62511614967,Female
193,1967-11-18,Doctor,68836.34188360281,2094.046489839333,Male
194,1967-12-03,Developer,36580.89046670744,14475.191570380577,Female
195,1967-12-18,Doctor,47196.92533757961,7584.694741582803,Female
196,1968-01-02,Designer,43404.034125887374,10733.965059927747,Male
197,1968-01-17,Designer,71704.668265306,18061.103141277123,Male
198,1968-02-01,Manager,,14484.19657932766,Female
199,1968-02-16,Engineer,65477.66809202952,8657.346760470838,Female
200,1968-03-02,Doctor,27716.59440444542,5544.038872923563,Male
201,1968-03-16,Developer,54005.75398803888,-759.0770066465248,Female
202,1968-03-31,Designer,63344.46193435155,6404.233403787899,Female
203,1968-04-15,Manager,51234.259839131366,8944.348805861528,Female
204,1968-04-30,Manager,65982.20562598026,5064.1023642440805,Male
205,1968-05-15,Doctor,42240.673248494415,9343.715164538477,Female
206,1968-05-30,Designer,71140.2116027837,10384.259414793842,Female
207,1968-06-14,Engineer,84483.47185428876,8875.720090959607,Female
208,1968-06-29,Designer,44557.42159340512,6749.987095882701,Male
209,1968-07-14,Doctor,43317.462178988426,10843.273359833638,Male
210,1968-07-29,Doctor,71800.7671567655,12209.703247847045,Female
211,1968-08-13,Designer,73693.58218596068,4548.0046127857695,Male
212,1968-08-28,Doctor,42157.09959270098,17054.66189873135,Female
213,1968-09-12,Designer,,9507.05933857869,Male
214,1968-09-27,Developer,45773.230867092396,10094.248114724238,Male
215,1968-10-12,Designer,29833.242334485843,13541.072116282787,Female
216,1968-10-27,Designer,36220.22080273703,11166.080656317508,Male
217,1968-11-11,Doctor,34937.88849871898,14765.683169566226,Male
218,1968-11-26,Doctor,38483.03652343807,11435.62082600912,Male
219,1968-12-11,Manager,49479.72668919828,6937.813126797811,Female
220,1968-12-26,Manager,53513.22098804781,11807.517626030509,Male
221,1969-01-10,Developer,73257.50739221115,4281.3689633966915,Male
222,1969-01-25,Manager,35024.68938891814,10542.798528882617,Female
223,1969-02-09,Designer,64764.83597714876,9833.850046777696,Male
224,1969-02-24,Doctor,46790.16733661736,8959.415713637301,Male
225,1969-03-11,Manager,49258.044355213504,9357.312442805347,Male
226,1969-03-26,Manager,60122.29238249906,590.7547725118038,Male
227,1969-04-10,Developer,33159.16967656552,7256.3754612951925,Male
228,1969-04-25,Developer,55736.14619276076,10464.224505705573,Female
229,1969-05-10,Designer,52496.78312319584,10799.281959987002,Female
230,1969-05-25,Doctor,57386.76896012224,4861.624295370209,Male
231,1969-06-09,Developer,,16328.539204323504,Male
232,1969-06-24,Manager,86829.50209866342,5669.125758927496,Male
233,1969-07-09,Doctor,40433.900236230256,14847.286002633684,Female
234,1969-07-24,Doctor,42035.04567497274,12135.971809358423,Female
235,1969-08-08,Manager,40652.89210362853,6768.863450780985,Male
236,1969-08-23,Developer,41667.843212596184,18876.55446304756,Male
237,1969-09-07,Manager,40439.19309040223,4031.8158412176,Female
238,1969-09-22,Doctor,67835.24796661327,14595.770868050007,Male
239,1969-10-07,Engineer,71307.56371984782,15002.911590214891,Female
240,1969-10-22,Engineer,41438.805593757854,6646.898954616776,Female
241,1969-11-06,Designer,37514.66640343657,16962.326500321644,Male
242,1969-11-21,Manager,,8749.767427005236,Female
243,1969-12-06,Manager,41716.65433578543,11443.468146399286,Male
244,1969-12-21,Designer,59493.97726633266,11301.609193856104,Male
245,1970-01-05,Designer,53043.845312769496,9328.45629264726,Male
246,1970-01-20,Designer,27263.838275041522,14054.04136579891,Male
247,1970-02-04,Doctor,73212.57801995092,13967.443602761065,Male
248,1970-02-19,Manager,76938.16509643283,1257.3401338090953,Male
249,1970-03-06,Doctor,40808.16964273421,16521.701214390763,Female
250,1970-03-21,Designer,44184.47660096024,1687.5400598216293,Female
251,1970-04-05,Manager,54287.98086087358,15162.731021708287,Female
252,1970-04-20,Doctor,55016.851849805375,15633.525684137916,Female
253,1970-05-05,Doctor,59878.164090092454,4545.1678489240085,Male
254,1970-05-20,Designer,80153.06808149524,7945.928560227076,Female
255,1970-06-04,Manager,47345.79158758926,4471.476657570322,Female
256,1970-06-19,Designer,38025.541331923196,8925.394848556323,Female
257,1970-07-04,Manager,29310.21157978209,8459.828579071294,Male
258,1970-07-19,Engineer,39036.04940087121,13898.3026613467,Female
259,1970-08-03,Developer,49503.095406893044,16551.54373059804,Male
260,1970-08-18,Developer,76918.36795276681,16978.41905394978,Female
261,1970-09-02,Developer,,7189.159867108489,Male
262,1970-09-17,Designer,53356.819274583475,8953.890631277362,Male
263,1970-10-02,Engineer,49753.65655890872,1582.8090388952496,Female
264,1970-10-17,Manager,67825.89910172127,5970.649667519056,Male
265,1970-11-01,Doctor,87903.98638810433,14824.258165487288,Male
266,1970-11-16,Manager,42036.96840619519,18077.91411774116,Female
267,1970-12-01,Doctor,42658.40836222667,3828.2556406003896,Female
268,1970-12-16,Manager,65662.41315603608,7037.678704235528,Female
269,1970-12-31,Engineer,60228.37234439467,9867.971215205365,Male
270,1971-01-15,Doctor,77700.6098860405,11400.805794098034,Male
271,1971-01-30,Designer,58758.92277988946,5951.982400391769,Male
272,1971-02-14,Manager,,12120.305222320449,Female
273,1971-03-01,Manager,58859.82246038464,7630.803264645419,Male
274,1971-03-16,Doctor,66630.55370874362,9927.738645608604,Male
275,1971-03-31,Designer,62307.23271796046,12731.421240018499,Male
276,1971-04-15,Designer,57609.11046660947,10032.111349054689,Male
277,1971-04-30,Engineer,66000.1203438373,7818.070547367157,Male
278,1971-05-15,Designer,67539.4338566851,9451.950980370846,Male
279,1971-05-30,Designer,70732.38486556291,9558.185203973324,Male
280,1971-06-14,Designer,59730.64831384464,8149.9448505893615,Female
281,1971-06-29,Developer,47493.22879524718,8706.019686664487,Female
282,1971-07-14,Engineer,52200.705296499844,17993.235852523583,Female
283,1971-07-29,Manager,68097.63449762535,12804.597239706194,Male
284,1971-08-13,Doctor,37745.964935191456,8522.598409854198,Male
285,1971-08-28,Manager,55530.099633093516,13484.772022553678,Female
286,1971-09-12,Engineer,44099.91781508959,8330.90255121995,Male
287,1971-09-27,Doctor,50431.17234402226,15865.623187933206,Female
288,1971-10-12,Engineer,69176.77793910948,11848.21096099047,Male
289,1971-10-27,Designer,52866.48602029855,9463.489279978856,Male
290,1971-11-11,Doctor,50696.54822234223,12238.584629051387,Female
291,1971-11-26,Designer,29602.15788530121,2145.6192396575034,Female
292,1971-12-11,Manager,61193.80349040831,4366.162655450974,Female
293,1971-12-26,Manager,59682.26271711613,4030.374968004723,Female
294,1972-01-10,Doctor,82448.8208495819,10714.715473818535,Female
295,1972-01-25,Doctor,45383.32647570499,18662.574997425458,Male
296,1972-02-09,Engineer,53287.254914959085,21156.500730963162,Male
297,1972-02-24,Engineer,,13190.255507203787,Male
298,1972-03-10,Designer,73661.79919645212,12504.222374722285,Female
299,1972-03-25,Doctor,48570.567014195716,994.7113292363047,Female
300,1972-04-09,Manager,54185.32288655509,7286.631001329892,Female
301,1972-04-23,Engineer,59118.44764574809,6061.081240458805,Female
302,1972-05-08,Engineer,52799.13684734537,6895.762008744419,Female
303,1972-05-23,Manager,43303.49578174208,9159.280907076052,Female
304,1972-06-07,Engineer,52911.34989347462,7639.547111514363,Male
305,1972-06-22,Designer,66104.47624789659,103.50094812106181,Male
306,1972-07-07,Doctor,34602.270508834095,13739.55128058767,Male
307,1972-07-22,Manager,,4636.284871300967,Male
308,1972-08-06,Doctor,39498.1877759124,11196.234320555748,Male
309,1972-08-21,Engineer,67925.69943387264,20370.41334874987,Female
310,1972-09-05,Engineer,27152.19642824338,5403.077042067883,Female
311,1972-09-20,Manager,41616.17229092617,-2651.4376137316485,Female
312,1972-10-05,Designer,,8569.978890599446,Female
313,1972-10-20,Developer,73482.86043851511,15504.798174992855,Female
314,1972-11-04,Manager,49013.746083905186,19791.737271102967,Female
315,1972-11-19,Developer,41672.00709960202,3852.2520277379153,Male
316,1972-12-04,Developer,78217.35604160884,12483.496116182609,Female
317,1972-12-19,Designer,28279.79149375634,7673.447716099734,Female
318,1973-01-03,Developer,,9470.258228479322,Female
319,1973-01-18,Developer,56600.216750799984,23221.716735085174,Female
320,1973-02-02,Designer,42469.18663471083,2485.148358024234,Male
321,1973-02-17,Developer,34681.5077430393,11268.698307472867,Male
322,1973-03-04,Developer,60625.3467094903,12338.465858827167,Female
323,1973-03-19,Developer,53657.010706567984,15428.931624696736,Male
324,1973-04-03,Manager,41538.820538949076,10489.915767354478,Male
325,1973-04-18,Manager,30795.434019936583,11540.252697520511,Female
326,1973-05-03,Manager,63086.859924202174,8041.757162891045,Female
327,1973-05-18,Designer,59753.017669379915,11345.634706225537,Female
328,1973-06-02,Engineer,48512.36204330926,8284.038622512948,Female
329,1973-06-17,Developer,,13107.859449280255,Female
330,1973-07-02,Developer,33948.72850510771,8151.94831978183,Male
331,1973-07-17,Designer,27117.122436128917,11885.501969510933,Female
332,1973-08-01,Developer,39621.378951781335,9853.685931575108,Female
333,1973-08-16,Manager,49316.209754667536,15630.25125386084,Female
334,1973-08-31,Engineer,53650.091739840376,9743.031382057568,Male
335,1973-09-15,Doctor,46381.459132155054,1134.8376589655927,Female
336,1973-09-30,Developer,55280.83094771445,16309.607503569958,Female
337,1973-10-15,Manager,31226.90863714334,5471.338495686906,Female
338,1973-10-30,Doctor,71656.46906109889,6731.168306755901,Male
339,1973-11-14,Engineer,48767.732324111465,7021.693529782539,Female
340,1973-11-29,Doctor,66759.43747382192,16872.190465854088,Female
341,1973-12-14,Manager,55140.88019566556,-678.3710698934774,Female
342,1973-12-29,Doctor,56851.29828730676,25688.74266829997,Male
343,1974-01-13,Designer,,15280.28404533026,Female
344,1974-01-28,Doctor,56715.628400259724,11116.1945706458,Female
345,1974-02-12,Developer,59640.84139801316,9725.529996918569,Female
346,1974-02-27,Developer,69937.28795198648,11427.770374288284,Male
347,1974-03-14,Designer,52947.817545522055,12605.61214189669,Female
348,1974-03-29,Manager,60635.05636382769,13226.077929750285,Female
349,1974-04-13,Developer,48653.964585691596,12778.022330017242,Female
350,1974-04-28,Engineer,71601.75823174209,10447.903406276244,Male
351,1974-05-13,Developer,,9013.30789846337,Male
352,1974-05-28,Developer,77014.10649366223,9243.633581732442,Female
353,1974-06-12,Manager,49397.63074033485,9025.458598236595,Male
354,1974-06-27,Doctor,28538.373468229278,15668.850484335322,Male
355,1974-07-12,Developer,51921.56622366184,12967.78361140431,Male
356,1974-07-27,Designer,39784.22513787678,-4701.9431733214005,Female
357,1974-08-11,Doctor,62609.65323483086,13279.503882648805,Female
358,1974-08-26,Engineer,40210.640310464136,10973.680973593875,Male
359,1974-09-10,Manager,43307.248501778304,9906.456217770512,Male
360,1974-09-25,Engineer,,8057.407734555571,Male
361,1974-10-10,Doctor,43215.405211263846,15620.563599930068,Female
362,1974-10-25,Doctor,13641.81010056565,14737.632310614288,Female
363,1974-11-09,Doctor,26241.45764771415,6135.611660881954,Male
364,1974-11-24,Engineer,61406.21984216446,12035.261435622675,Male
365,1974-12-09,Doctor,61787.00237976248,5141.71632729357,Male
366,1974-12-24,Engineer,56381.86342677447,3101.9091760553474,Male
367,1975-01-08,Doctor,35495.3578530618,6866.413877050174,Female
368,1975-01-23,Designer,49284.3296578703,14311.967361913794,Male
369,1975-02-07,Doctor,49945.96191364148,14765.625226880435,Female
370,1975-02-22,Engineer,,12565.427100486464,Male
371,1975-03-09,Developer,72550.97452650726,13625.478934239985,Male
372,1975-03-24,Doctor,63160.43435863507,12580.891435574791,Male
373,1975-04-08,Developer,46685.53739255504,6792.5920238852395,Male
374,1975-04-23,Designer,50403.28758491796,12159.612723369704,Male
375,1975-05-08,Manager,53125.74211921329,14002.047626138412,Female
376,1975-05-23,Designer,19373.97697363564,13771.456649067872,Male
377,1975-06-07,Doctor,46292.339262191046,15944.566857373215,Male
378,1975-06-22,Developer,39770.23628003302,13541.519236005319,Male
379,1975-07-07,Developer,34975.69985157627,11757.241037707914,Female
380,1975-07-22,Engineer,,15350.751191582138,Female
381,1975-08-06,Developer,76965.29790274284,9867.3937037547,Female
382,1975-08-21,Engineer,59612.64291900515,5590.626743861411,Female
383,1975-09-05,Manager,41432.31515325805,9184.665180281181,Male
384,1975-09-20,Doctor,58588.74172034238,6275.4867759677545,Male
385,1975-10-05,Engineer,70990.33154879004,6624.108625128092,Male
386,1975-10-20,Manager,63869.50524369153,9277.40664642241,Female
387,1975-11-04,Developer,50894.45554880261,6037.900395000193,Male
388,1975-11-19,Developer,40295.94833441639,8460.192351804799,Male
389,1975-12-04,Manager,60473.34970420385,531.9266652310725,Female
390,1975-12-19,Developer,55902.28078132625,11066.468536864693,Female
391,1976-01-03,Manager,63427.89830041598,10006.027376811122,Female
392,1976-01-18,Engineer,59527.57702522954,5914.556844659047,Male
393,1976-02-02,Engineer,65743.29072979002,13296.228342162025,Male
394,1976-02-17,Manager,41971.47182659148,14687.850688132792,Female
395,1976-03-03,Engineer,,1962.200678155129,Male
396,1976-03-18,Engineer,52963.994070386,6186.376107168929,Female
397,1976-04-02,Engineer,81128.91308937898,6154.288251063509,Female
398,1976-04-17,Designer,39662.18272865648,5300.484494455677,Male
399,1976-05-02,Doctor,76039.45704747873,14147.374209658741,Female
400,1976-05-17,Developer,52968.66175193972,9030.869306135983,Female
401,1976-05-31,Designer,40228.72994578327,8677.425793446946,Female
402,1976-06-15,Engineer,42741.71248918518,-19.311822033767385,Male
403,1976-06-30,Manager,45194.7903770852,13177.090151046132,Female
404,1976-07-15,Engineer,56362.48919602875,3803.708025732637,Female
405,1976-07-30,Doctor,57842.5323205325,10299.66315133164,Female
406,1976-08-14,Engineer,41394.49994092131,11386.884689790959,Female
407,1976-08-29,Manager,49634.68111608526,16803.292979193255,Female
408,1976-09-13,Doctor,82134.05537917795,3455.8980044044392,Female
409,1976-09-28,Engineer,75913.14755151067,-5097.5607791041275,Female
410,1976-10-13,Doctor,56544.85504511048,10919.247723768474,Male
411,1976-10-28,Developer,50570.05217252301,19002.55590755427,Male
412,1976-11-12,Developer,51800.46990077392,16194.731764697186,Female
413,1976-11-27,Engineer,59202.769590956246,11048.297076373128,Male
414,1976-12-12,Doctor,34658.111522023915,7541.819071839764,Male
415,1976-12-27,Manager,46139.35193864982,14035.612983186551,Female
416,1977-01-11,Engineer,24971.238891836158,5132.269001477657,Male
417,1977-01-26,Developer,55988.34683907919,12381.788846781095,Female
418,1977-02-10,Developer,59707.939095541115,12527.350795833134,Female
419,1977-02-25,Engineer,42752.20306550939,15301.049537494398,Female
420,1977-03-12,Doctor,73609.80144935049,23798.300194555388,Female
421,1977-03-27,Developer,31613.515054964882,11962.079835893835,Female
422,1977-04-11,Doctor,28034.376796852695,7455.181871462506,Male
423,1977-04-26,Developer,53366.77727839958,9872.128439040027,Female
424,1977-05-11,Developer,65706.47453918232,1154.6204755544095,Male
425,1977-05-26,Designer,,6526.434344554709,Female
426,1977-06-10,Developer,43116.7360569659,7953.58780943448,Female
427,1977-06-25,Manager,66180.21250146943,7379.558010327038,Female
428,1977-07-10,Engineer,49422.372957489395,10761.77436016861,Male
429,1977-07-25,Engineer,47410.59050088771,5887.900338088997,Female
430,1977-08-09,Doctor,63254.89906230009,15605.153336622358,Female
431,1977-08-24,Developer,59784.84317620129,10001.035324590985,Female
432,1977-09-08,Manager,26354.11764523626,9953.498394306927,Female
433,1977-09-23,Doctor,72148.10524588844,8360.52641743541,Male
434,1977-10-08,Designer,70701.37031221177,10775.953419294896,Female
435,1977-10-23,Doctor,40616.55947735706,14125.491323338174,Male
436,1977-11-07,Doctor,55937.05300156114,5664.3489214454985,Female
437,1977-11-22,Developer,57410.45279424108,6709.417554623717,Male
438,1977-12-07,Designer,53910.10648735861,8481.369856116677,Male
439,1977-12-22,Doctor,41745.422692318694,3270.6453826339257,Female
440,1978-01-06,Manager,39925.64948092923,5903.7107013925115,Female
441,1978-01-21,Manager,49616.688935128324,7618.895632276704,Male
442,1978-02-05,Engineer,67590.93528889047,14371.945903563637,Female
443,1978-02-20,Designer,58154.002318916486,11312.806645009625,Female
444,1978-03-07,Designer,44440.78501870841,10967.949556837722,Female
445,1978-03-22,Engineer,61575.48065972517,14254.489810839861,Male
446,1978-04-06,Doctor,7271.8606905488705,9313.141058003017,Female
447,1978-04-21,Designer,67231.48550558156,11952.324249644447,Female
448,1978-05-06,Manager,23904.293318328506,9483.891235337518,Female
449,1978-05-21,Manager,44563.38587895302,11326.811746998143,Male
450,1978-06-05,Developer,33204.95158060784,7086.20671194209,Female
451,1978-06-20,Designer,30579.777864186413,-2194.0857913821455,Male
452,1978-07-05,Doctor,67412.4018106778,9328.60418906848,Female
453,1978-07-20,Engineer,42984.48198032163,17113.7406804997,Male
454,1978-08-04,Engineer,55197.55822596073,14631.077011207963,Female
455,1978-08-19,Doctor,49296.19131681224,14826.987422955854,Female
456,1978-09-03,Developer,57155.612408346824,16180.65360903109,Male
457,1978-09-18,Engineer,51152.32836590383,10443.287954807187,Male
458,1978-10-03,Designer,30755.116637171457,10986.578537027977,Male
459,1978-10-18,Developer,64944.002291707104,6911.74052282825,Female
460,1978-11-02,Designer,42593.65125258031,8419.635719864751,Female
461,1978-11-17,Manager,26651.271520103735,13078.855748855707,Female
462,1978-12-02,Developer,43578.27258551131,16019.422185844081,Female
463,1978-12-17,Engineer,72511.39685951466,9302.768621595002,Male
464,1979-01-01,Developer,62753.32613170239,7749.053675742942,Female
465,1979-01-16,Developer,44770.21798388211,10002.639794282986,Female
466,1979-01-31,Developer,44761.13443522357,13006.033744645574,Female
467,1979-02-15,Developer,45175.47423173926,2780.7259193322907,Female
468,1979-03-02,Designer,81151.21975341262,-1480.9047656861912,Female
469,1979-03-17,Manager,55729.0317834733,7247.315752542083,Female
470,1979-04-01,Doctor,56450.624707866045,3896.4378704292067,Female
471,1979-04-16,Developer,65454.25181047763,7459.299011763445,Male
472,1979-05-01,Engineer,53581.8373853977,9261.098405912642,Female
473,1979-05-16,Developer,46114.36781268945,7733.7579548849335,Female
474,1979-05-31,Engineer,47054.75226372533,17262.337672353726,Female
475,1979-06-15,Designer,48925.98110878904,11633.7238230116,Female
476,1979-06-30,Engineer,49441.66645235238,11502.371798054142,Male
477,1979-07-15,Doctor,60914.4431545547,13111.035720217009,Male
478,1979-07-30,Manager,50779.18828710949,4305.834411096154,Male
479,1979-08-14,Engineer,60989.60115823369,15195.558937101343,Male
480,1979-08-29,Engineer,48789.251298371266,9621.1785673227,Male
481,1979-09-13,Manager,51179.52785474136,13352.403086206063,Male
482,1979-09-28,Doctor,20026.989732018385,4640.713834799223,Female
483,1979-10-13,Developer,63744.91512053722,2231.2061699196784,Male
484,1979-10-28,Engineer,55197.32713846989,14089.448290125143,Male
485,1979-11-12,Manager,64970.15164789478,11882.047630487583,Female
486,1979-11-27,Designer,6556.1693270946635,5489.742228212448,Male
487,1979-12-12,Manager,81325.62057171091,5651.684593626528,Female
488,1979-12-27,Designer,47906.15557767239,15627.173922073847,Female
489,1980-01-11,Doctor,66622.74225106275,4052.9405356633606,Male
490,1980-01-26,Developer,34401.411093117036,18213.364766279818,Female
491,1980-02-10,Manager,59191.608575938546,5496.896326760656,Male
492,1980-02-25,Engineer,34198.76655239516,13191.959628041915,Male
493,1980-03-11,Doctor,40643.465589562926,8356.907621255077,Female
494,1980-03-26,Manager,78710.4703080018,13015.937155411715,Female
495,1980-04-10,Engineer,47139.7639885498,7279.429989429037,Male
496,1980-04-25,Manager,53261.49309769584,9186.03546963853,Female
497,1980-05-10,Designer,63051.015960331315,10204.595876978605,Female
498,1980-05-25,Manager,57435.22831958907,4989.062721092637,Male
499,1980-06-09,Manager,52256.28357715365,13704.12172710063,Male
500,1980-06-24,Manager,55474.41503699338,7433.932167642074,Female
501,1980-07-08,Doctor,86051.23377857413,8857.000423299907,Male
502,1980-07-23,Manager,49135.71804449622,5028.253126957438,Male
503,1980-08-07,Engineer,53016.485700724515,-2811.6682939765524,Male
504,1980-08-22,Designer,65759.81594011417,9044.861186999155,Male
505,1980-09-06,Designer,66582.88899436976,22063.07710806458,Male
506,1980-09-21,Manager,67805.4545834057,13923.02143949012,Male
507,1980-10-06,Doctor,59580.95333043777,9903.698101328027,Male
508,1980-10-21,Doctor,32854.92630904275,8685.545853958662,Female
509,1980-11-05,Engineer,74501.47298451644,10112.329464060233,Male
510,1980-11-20,Manager,,12735.59557587605,Female
511,1980-12-05,Designer,54539.531978585495,4095.935923455776,Female
512,1980-12-20,Doctor,38685.86224970963,15571.60847334436,Female
513,1981-01-04,Manager,,13576.90657720622,Male
514,1981-01-19,Doctor,54931.436154552204,13590.928628539672,Male
515,1981-02-03,Doctor,54820.35823175409,12192.378694048637,Female
516,1981-02-18,Designer,56328.81131352927,10098.08328846995,Male
517,1981-03-05,Developer,74205.6690358797,13364.3061798341,Female
518,1981-03-20,Engineer,56803.014522709695,12959.07066870689,Male
519,1981-04-04,Engineer,46337.65047064027,8229.796445294882,Male
520,1981-04-19,Designer,64461.307524325355,7131.991135515495,Female
521,1981-05-04,Doctor,67842.05733386961,10509.281476309934,Female
522,1981-05-19,Manager,31585.88277294511,17745.100757475935,Female
523,1981-06-03,Doctor,58961.00104774787,3804.4646217304953,Male
524,1981-06-18,Designer,60517.591134663475,2662.3736712377995,Female
525,1981-07-03,Engineer,45536.54744960012,10823.804206182584,Male
526,1981-07-18,Doctor,70635.6021996743,10254.43850928009,Male
527,1981-08-02,Engineer,47749.1661945121,10866.708321852042,Male
528,1981-08-17,Manager,51883.64680207313,11219.765989542502,Female
529,1981-09-01,Engineer,47403.922635741954,8883.988726825974,Female
530,1981-09-16,Engineer,50233.685713722014,17449.31719301041,Female
531,1981-10-01,Developer,33555.87369657197,1995.4801076174226,Male
532,1981-10-16,Developer,28399.236761085584,5857.51487609877,Male
533,1981-10-31,Developer,73917.57594837458,9483.726199254763,Female
534,1981-11-15,Engineer,37295.57977522508,1784.0559442291633,Male
535,1981-11-30,Designer,35129.114758155396,9120.727977839644,Male
536,1981-12-15,Engineer,17699.148295944276,18307.35082864009,Female
537,1981-12-30,Designer,40415.57378465746,10104.432441479808,Female
538,1982-01-14,Designer,30153.653098887524,11153.504528593417,Female
539,1982-01-29,Developer,74630.22740204554,3699.1761741370983,Male
540,1982-02-13,Doctor,65147.25634013952,6918.192959802613,Male
541,1982-02-28,Manager,39677.74482233414,8124.018098380315,Male
542,1982-03-15,Developer,83786.53708016463,8411.424516218829,Male
543,1982-03-30,Developer,64726.48230487391,16408.218975018845,Male
544,1982-04-14,Doctor,45127.529247370665,12788.455303625622,Female
545,1982-04-29,Manager,12508.914276896401,4442.71021531484,Male
546,1982-05-14,Engineer,84364.13858886113,11232.523892160025,Male
547,1982-05-29,Engineer,29156.41299854606,12491.108742483926,Male
548,1982-06-13,Developer,25319.01879564662,15700.745192606333,Female
549,1982-06-28,Manager,65338.5564801446,17902.703432841867,Female
550,1982-07-13,Developer,86596.28609508909,4924.529040860657,Female
551,1982-07-28,Designer,70764.09227765776,5945.712443948309,Male
552,1982-08-12,Developer,58458.636800785396,3712.1107054269187,Female
553,1982-08-27,Developer,58921.315124979286,8829.900704465093,Female
554,1982-09-11,Engineer,62801.23338170462,12331.791872231672,Female
555,1982-09-26,Engineer,61383.92884680148,14936.67258294551,Male
556,1982-10-11,Engineer,54217.87135954064,9620.244881787386,Female
557,1982-10-26,Designer,51563.01655927814,8400.76238372578,Male
558,1982-11-10,Engineer,49061.103081507164,10758.789961243701,Male
559,1982-11-25,Manager,38690.531166999855,5824.285491849885,Female
560,1982-12-10,Doctor,45789.87384699839,20447.693608473866,Male
561,1982-12-25,Manager,24605.647787069218,1961.6948644097065,Female
562,1983-01-09,Manager,,10923.702894478622,Male
563,1983-01-24,Engineer,35171.133392736236,20118.031096148196,Female
564,1983-02-08,Doctor,33446.160241763435,10033.999222799988,Female
565,1983-02-23,Doctor,52698.41226730218,9049.804824992527,Female
566,1983-03-10,Doctor,70880.034295169,8212.772885947865,Male
567,1983-03-25,Designer,63774.7490900347,9098.04159118796,Female
568,1983-04-09,Engineer,26442.490945652346,16864.24237338265,Male
569,1983-04-24,Doctor,35155.57795144494,-1059.309556647535,Female
570,1983-05-09,Designer,64111.567819823234,17667.168506481627,Male
571,1983-05-24,Developer,35262.68909692536,2880.2142377492746,Male
572,1983-06-08,Developer,46630.50275004463,8666.738353827926,Female
573,1983-06-23,Designer,58250.78148536828,7853.777898506691,Female
574,1983-07-08,Designer,35474.83317704547,12942.766348853598,Female
575,1983-07-23,Engineer,51580.6325921894,2009.3782405812617,Female
576,1983-08-07,Engineer,29989.617576226934,12310.863330409715,Female
577,1983-08-22,Developer,,20121.548116434264,Male
578,1983-09-06,Doctor,54796.72901213806,3184.1299770359474,Female
579,1983-09-21,Developer,26105.09399702496,10948.530838051978,Female
580,1983-10-06,Doctor,56607.121069405985,6690.089111016954,Male
581,1983-10-21,Doctor,49705.433016099785,12129.436030965178,Female
582,1983-11-05,Engineer,58287.34931625721,10095.73888707876,Female
583,1983-11-20,Manager,53358.712010969924,6792.5654547784525,Male
584,1983-12-05,Manager,70462.10644960766,12439.36142435537,Female
585,1983-12-20,Designer,51878.36753971861,19021.740548933718,Female
586,1984-01-04,Engineer,43558.91688312121,9045.481041363506,Female
587,1984-01-19,Doctor,51834.46254548425,13598.78971074091,Male
588,1984-02-03,Manager,58149.470435545816,3533.635210644182,Female
589,1984-02-18,Doctor,50732.901054885566,5217.818115909956,Male
590,1984-03-04,Manager,50608.87536805824,12362.031389401887,Female
591,1984-03-19,Manager,39470.12468289867,17420.580142679824,Male
592,1984-04-03,Manager,,11778.0667439283,Female
593,1984-04-18,Engineer,28960.920923004596,8434.709847384229,Male
594,1984-05-03,Developer,76243.65114780409,9996.45702711677,Male
595,1984-05-18,Doctor,31342.051469130725,3747.9613301514128,Male
596,1984-06-02,Engineer,39606.42203306139,13022.576631776834,Male
597,1984-06-17,Engineer,39223.89101646204,14411.665311617046,Male
598,1984-07-02,Engineer,63423.86565416662,7739.548335834598,Male
599,1984-07-17,Engineer,45575.75482561958,7649.7892612024925,Female
600,1984-08-01,Engineer,68716.131090106,11329.391148260242,Female
601,1984-08-15,Designer,39897.640636341974,7816.401319797023,Male
602,1984-08-30,Doctor,54184.91243335703,9669.336926870888,Male
603,1984-09-14,Engineer,37469.794201103636,20498.608945832577,Male
604,1984-09-29,Doctor,82177.23691660083,8764.871496270016,Male
605,1984-10-14,Designer,32186.02371455731,8208.29923989389,Female
606,1984-10-29,Designer,54647.31065340541,6762.2909718242045,Male
607,1984-11-13,Doctor,59506.65321398148,13720.959857499683,Female
608,1984-11-28,Manager,56206.986461772474,9093.879133909486,Female
609,1984-12-13,Developer,47220.68511683438,6753.13480839287,Male
610,1984-12-28,Manager,48052.689503998605,16606.52016136506,Male
611,1985-01-12,Manager,50657.17207968664,17098.015022568186,Female
612,1985-01-27,Manager,47794.96997557267,6997.882171306474,Female
613,1985-02-11,Engineer,64458.18675192365,667.300243196918,Male
614,1985-02-26,Designer,83157.84502387026,15037.568449184611,Male
615,1985-03-13,Manager,41637.623224882496,6576.85087119998,Male
616,1985-03-28,Designer,29452.955306313834,13953.127995813844,Female
617,1985-04-12,Doctor,48675.76927473118,149.48091144082173,Female
618,1985-04-27,Developer,88695.64006481477,14462.986691496546,Male
619,1985-05-12,Doctor,37944.88148045404,3944.1403535960935,Female
620,1985-05-27,Doctor,74586.75208166102,13653.820595332621,Female
621,1985-06-11,Engineer,75165.51221114662,10071.36533918217,Male
622,1985-06-26,Developer,41696.176374380084,5230.302903016775,Male
623,1985-07-11,Doctor,58534.74618777913,7964.818435366097,Female
624,1985-07-26,Doctor,74425.94934692807,13431.592284783505,Female
625,1985-08-10,Developer,44313.08388518769,10529.47226557617,Male
626,1985-08-25,Developer,46946.29459846457,12922.064902362421,Male
627,1985-09-09,Doctor,41274.786290770346,19882.202922577428,Male
628,1985-09-24,Developer,34778.649039607,2178.7919414447433,Male
629,1985-10-09,Doctor,,18086.06287484312,Male
630,1985-10-24,Doctor,31640.895998566153,10521.779687616065,Female
631,1985-11-08,Engineer,50511.25202388839,5506.079758384359,Female
632,1985-11-23,Manager,38450.40153412038,3348.4318713050507,Female
633,1985-12-08,Doctor,53506.788676861215,9054.398046114833,Female
634,1985-12-23,Designer,26661.56530694559,14608.250559622296,Male
635,1986-01-07,Manager,54963.20348321686,9362.254398112329,Male
636,1986-01-22,Manager,62502.93442413387,17555.774651236738,Male
637,1986-02-06,Manager,20093.96536142817,2744.1215497422054,Female
638,1986-02-21,Engineer,55610.848547713584,9939.555260769726,Female
639,1986-03-08,Doctor,68415.03488709938,3738.0327779344043,Female
640,1986-03-23,Engineer,,11818.159413124838,Male
641,1986-04-07,Doctor,75088.58580256555,14434.436950486503,Female
642,1986-04-22,Engineer,56285.285140490676,7896.191031594733,Male
643,1986-05-07,Engineer,39424.82216362387,-3021.069283135672,Male
644,1986-05-22,Designer,49163.46383513441,10994.740733982473,Male
645,1986-06-06,Engineer,58374.903687825834,12183.692758667548,Male
646,1986-06-21,Developer,51140.080871186176,12021.473774808488,Male
647,1986-07-06,Designer,58081.33988669554,16178.91095911077,Male
648,1986-07-21,Engineer,,4644.7316017547555,Female
649,1986-08-05,Manager,52540.41236054117,13401.080527252247,Male
650,1986-08-20,Developer,28794.282546425296,15962.537562389874,Male
651,1986-09-04,Developer,48331.60907976949,1107.0620799674161,Female
652,1986-09-19,Developer,36441.38537802815,11598.259129594886,Male
653,1986-10-04,Designer,38967.050861153504,7479.100844961642,Female
654,1986-10-19,Engineer,68541.39762815656,9592.38663449177,Female
655,1986-11-03,Engineer,66369.65180891403,11738.382417691682,Female
656,1986-11-18,Manager,59137.071813607654,7563.857179432238,Male
657,1986-12-03,Manager,33615.308529911315,6621.459604191941,Male
658,1986-12-18,Developer,45253.87325457797,10170.762087440124,Female
659,1987-01-02,Manager,68196.46549968775,4563.770305685987,Male
660,1987-01-17,Designer,52125.753704598574,4570.874355574073,Male
661,1987-02-01,Engineer,84789.94309972541,13396.866414782517,Female
662,1987-02-16,Developer,55899.76759091558,4256.029824206719,Female
663,1987-03-03,Manager,52880.73674735047,13331.56250454606,Male
664,1987-03-18,Designer,45363.25303696248,12312.956464269755,Female
665,1987-04-02,Designer,52003.11357173423,1370.9663560470162,Female
666,1987-04-17,Manager,47712.952454291844,6612.176738321725,Female
667,1987-05-02,Engineer,60621.630150328856,15970.547015236862,Male
668,1987-05-17,Manager,64350.53475191876,5094.172344301592,Male
669,1987-06-01,Developer,38210.158092380756,7677.978688453062,Male
670,1987-06-16,Manager,30031.50569663333,12310.304466259482,Female
671,1987-07-01,Designer,22456.919403450553,13916.952546412977,Male
672,1987-07-16,Manager,57619.86990368816,8742.305569777522,Female
673,1987-07-31,Engineer,33449.50090739189,7012.449026541792,Male
674,1987-08-15,Doctor,17706.64110571276,17111.84930849254,Male
675,1987-08-30,Manager,55828.67906796446,18694.498318987895,Female
676,1987-09-14,Engineer,87394.99276149186,14894.290253908977,Male
677,1987-09-29,Engineer,49908.9363269016,10426.59071282512,Female
678,1987-10-14,Designer,62577.36161677463,5958.6713917953675,Male
679,1987-10-29,Engineer,51227.440378213476,5847.777967217174,Male
680,1987-11-13,Engineer,48516.65520213286,12612.570526328787,Female
681,1987-11-28,Engineer,63786.14724481653,12091.99110444342,Female
682,1987-12-13,Engineer,45645.88183717023,17007.992964732148,Female
683,1987-12-28,Developer,54010.88471107854,13252.250462680695,Male
684,1988-01-12,Developer,54825.467092940205,2484.59849120091,Male
685,1988-01-27,Designer,39978.64319535427,15259.738088614593,Male
686,1988-02-11,Manager,64880.635243047844,5009.696863427936,Female
687,1988-02-26,Engineer,47375.60364956887,8080.143640238242,Female
688,1988-03-12,Manager,38663.82260760733,11251.001031258473,Female
689,1988-03-27,Manager,58047.64765355605,19978.33744891982,Male
690,1988-04-11,Designer,36522.98027313444,25549.592780026804,Male
691,1988-04-26,Engineer,50422.717360536924,13033.615295680913,Female
692,1988-05-11,Engineer,49863.21505033695,9084.016906398061,Male
693,1988-05-26,Doctor,66288.43348747367,12672.528242402752,Female
694,1988-06-10,Manager,,14438.27712936918,Male
695,1988-06-25,Manager,49624.595618822845,8396.661872214041,Male
696,1988-07-10,Developer,62266.494488004304,18976.05677956161,Female
697,1988-07-25,Doctor,,11150.35379595701,Male
698,1988-08-09,Developer,58367.154595277934,12488.715445456972,Male
699,1988-08-24,Developer,50155.28929765071,13329.621260272306,Female
700,1988-09-08,Developer,30322.456514747606,12107.933053072278,Female
701,1988-09-22,Designer,34023.29505386941,14194.70250234806,Male
702,1988-10-07,Designer,45421.629434679984,6913.7340672653845,Female
703,1988-10-22,Developer,40857.31696761075,7208.491230269847,Male
704,1988-11-06,Doctor,47195.43045521831,4499.228835141525,Female
705,1988-11-21,Manager,50849.74887345661,12197.506153101132,Male
706,1988-12-06,Doctor,57945.391315350964,13894.68251756057,Male
707,1988-12-21,Engineer,48942.518329113635,12288.864330759428,Female
708,1989-01-05,Designer,57297.52465739303,18372.462166737685,Male
709,1989-01-20,Manager,50967.1162221518,9972.019905854768,Male
710,1989-02-04,Manager,20368.00150469193,13343.708277962563,Female
711,1989-02-19,Engineer,35909.96909271869,4541.495619303429,Female
712,1989-03-06,Engineer,47838.686664175766,8064.501487627995,Male
713,1989-03-21,Developer,31854.578857383385,13477.688787828887,Female
714,1989-04-05,Designer,58998.93094994307,14245.51055371572,Female
715,1989-04-20,Designer,72961.26248515546,8530.165261679089,Male
716,1989-05-05,Doctor,68281.42777545974,9642.003740709666,Male
717,1989-05-20,Developer,46798.35693604688,2410.631266595953,Female
718,1989-06-04,Developer,72360.89205274929,8214.853995966952,Female
719,1989-06-19,Developer,52230.01185803167,14451.91581759893,Female
720,1989-07-04,Developer,44943.71043322941,12876.025080532832,Male
721,1989-07-19,Designer,40798.960046885906,12503.328606906049,Male
722,1989-08-03,Designer,45462.95470267808,10248.8684359048,Male
723,1989-08-18,Developer,44177.34772188157,10035.315793140882,Male
724,1989-09-02,Doctor,52556.243335632316,6698.394302632765,Male
725,1989-09-17,Manager,52408.60971574797,13494.142101012674,Male
726,1989-10-02,Manager,50045.69030230122,12104.86472194695,Male
727,1989-10-17,Doctor,56554.072546195246,12460.094239963997,Female
728,1989-11-01,Developer,67859.69412179512,7369.825786662098,Female
729,1989-11-16,Designer,64243.312031619855,-766.7145993562226,Male
730,1989-12-01,Manager,27726.53047325145,15485.763558768478,Male
731,1989-12-16,Engineer,11691.182976470678,7605.812719957979,Male
732,1989-12-31,Engineer,64014.79866858911,5686.121179784397,Female
733,1990-01-15,Doctor,29496.819523768685,13467.394559569968,Male
734,1990-01-30,Developer,46628.518971609745,8039.936800404352,Female
735,1990-02-14,Manager,32448.304609109608,15299.68192023311,Female
736,1990-03-01,Developer,22970.293436299704,13085.029747883487,Female
737,1990-03-16,Manager,58121.94092307182,13417.846616002389,Female
738,1990-03-31,Doctor,61387.327404539705,3170.2214439973286,Female
739,1990-04-15,Doctor,41352.34398909921,16059.719926932003,Male
740,1990-04-30,Engineer,11134.365617826348,11306.25265616928,Male
741,1990-05-15,Developer,41806.33327621276,8153.614303768984,Female
742,1990-05-30,Engineer,55877.060081038195,10716.942336711256,Male
743,1990-06-14,Developer,27816.32646838807,1118.8238355083995,Female
744,1990-06-29,Engineer,52750.39879668733,12043.264057403354,Female
745,1990-07-14,Designer,49770.35226240507,4853.142459089642,Male
746,1990-07-29,Designer,58689.37249401632,3236.6485707823276,Male
747,1990-08-13,Designer,51793.705526212296,2388.2040689105443,Male
748,1990-08-28,Designer,35403.96588677667,15563.441874949625,Male
749,1990-09-12,Manager,67948.57252496737,6853.683031536057,Male
750,1990-09-27,Designer,47622.05640459545,17668.638549582494,Female
751,1990-10-12,Doctor,49590.43190735102,7320.99268473851,Male
752,1990-10-27,Doctor,36000.98061390206,1463.2102120352665,Male
753,1990-11-11,Manager,43350.766232127346,4417.377800256704,Male
754,1990-11-26,Designer,36727.95928959649,16179.058100034694,Female
755,1990-12-11,Designer,47405.809101148654,9220.509110316663,Male
756,1990-12-26,Designer,75675.62720213515,7258.563517546995,Female
757,1991-01-10,Engineer,29421.482856029656,10800.09112926394,Male
758,1991-01-25,Developer,25796.579031848883,12508.913680837724,Male
759,1991-02-09,Engineer,72067.55491240413,15586.994079512304,Female
760,1991-02-24,Developer,46860.14484272201,17242.49614946463,Male
761,1991-03-11,Designer,39963.908920101254,8201.156771054571,Male
762,1991-03-26,Designer,65598.57031094114,3369.7615695898085,Female
763,1991-04-10,Engineer,40915.766903947035,7932.6741943836205,Male
764,1991-04-25,Engineer,77390.14570320403,11301.402532914432,Female
765,1991-05-10,Developer,60168.88807008904,5181.205368946946,Female
766,1991-05-25,Doctor,42681.32887781446,5214.245425524786,Female
767,1991-06-09,Developer,82359.62319898256,11718.939407749427,Female
768,1991-06-24,Engineer,40914.27615494993,9756.738242147745,Female
769,1991-07-09,Engineer,,10163.984977057933,Male
770,1991-07-24,Manager,54489.38870609738,6207.523326499653,Male
771,1991-08-08,Engineer,69526.11934098197,8847.996428971164,Male
772,1991-08-23,Manager,73422.66795090279,5378.834278658478,Female
773,1991-09-07,Doctor,,14450.992055623934,Female
774,1991-09-22,Developer,38698.73194480725,15176.246673618763,Female
775,1991-10-07,Developer,56899.582144086744,769.0606888095317,Female
776,1991-10-22,Manager,39834.26945371841,5352.445699037949,Male
777,1991-11-06,Developer,80200.80871289935,2517.3537245496045,Male
778,1991-11-21,Engineer,52048.02996624106,6749.880327965509,Female
779,1991-12-06,Designer,44520.17673031837,9582.810151048196,Female
780,1991-12-21,Manager,52770.204587973625,2751.7739015073494,Male
781,1992-01-05,Developer,29793.10565705455,5390.700934373434,Female
782,1992-01-20,Manager,35425.789422340225,4980.213139592507,Female
783,1992-02-04,Manager,68006.20861916638,11036.33664699472,Female
784,1992-02-19,Designer,40146.58581542906,10346.721685181252,Male
785,1992-03-05,Engineer,34296.3352597709,6391.3122333137335,Male
786,1992-03-20,Manager,58049.79128790929,10884.10436069699,Female
787,1992-04-04,Developer,67785.56231994496,7266.599577063673,Male
788,1992-04-19,Doctor,60784.299659976,8641.724448369734,Female
789,1992-05-04,Manager,64940.715287087245,18367.260451492686,Female
790,1992-05-19,Manager,38648.073671458085,16702.30525895174,Male
791,1992-06-03,Designer,28672.839998872343,3502.093815362012,Female
792,1992-06-18,Engineer,72520.0047793323,14148.662089395872,Female
793,1992-07-03,Doctor,45159.802417367966,14056.98277245796,Male
794,1992-07-18,Developer,46237.50475317429,4258.683556236909,Female
795,1992-08-02,Doctor,69922.91212773586,14093.888218774304,Female
796,1992-08-17,Developer,58343.4501410099,17689.659592062766,Female
797,1992-09-01,Engineer,56838.31658122411,4387.275968777931,Male
798,1992-09-16,Developer,82475.03517351625,5412.485894928682,Female
799,1992-10-01,Designer,40347.22654429785,15088.307334217512,Male
800,1992-10-16,Designer,63917.60192121856,11357.47655412824,Female
801,1992-10-30,Designer,50855.19687345627,12757.381376197616,Female
802,1992-11-14,Designer,54028.88418294885,11702.946082002483,Female
803,1992-11-29,Doctor,72927.02639618798,11953.479604640721,Female
804,1992-12-14,Engineer,,3367.639358444585,Male
805,1992-12-29,Developer,58074.441185744494,15236.588533107242,Male
806,1993-01-13,Developer,66087.61005964704,15847.949962138868,Female
807,1993-01-28,Designer,44525.70905685672,8853.046279659862,Female
808,1993-02-12,Designer,37411.85498991491,9782.615250930688,Female
809,1993-02-27,Manager,34327.862089684495,2344.462487221389,Female
810,1993-03-14,Engineer,20504.65115935997,12571.273780089174,Female
811,1993-03-29,Doctor,80843.10694910484,12860.28720857072,Female
812,1993-04-13,Developer,33451.87451417475,9689.044915003446,Female
813,1993-04-28,Manager,46681.19564621342,15621.766799352514,Female
814,1993-05-13,Manager,45847.80050166619,8329.613845100297,Male
815,1993-05-28,Developer,54611.10046713651,12823.029629468001,Male
816,1993-06-12,Doctor,62236.05818808945,4901.678306539422,Male
817,1993-06-27,Manager,62907.10232539618,9882.239245628809,Female
818,1993-07-12,Manager,41253.83842146592,9128.22871048582,Female
819,1993-07-27,Engineer,47493.174293203825,11126.539610204709,Female
820,1993-08-11,Doctor,54238.69925732449,8152.365355833207,Male
821,1993-08-26,Manager,46269.633107246795,9342.637021641662,Female
822,1993-09-10,Doctor,74110.18364029989,14130.235857207532,Male
823,1993-09-25,Developer,57364.62427457377,7816.178813808912,Female
824,1993-10-10,Designer,61023.16679074726,1967.1144963066035,Male
825,1993-10-25,Manager,59943.21903001119,18747.919521027103,Male
826,1993-11-09,Engineer,67602.10786227987,16907.270393452432,Male
827,1993-11-24,Developer,52715.3233805556,3538.6865244719065,Female
828,1993-12-09,Doctor,30547.5207806623,13448.539026225972,Male
829,1993-12-24,Developer,55995.31927628962,7485.126147243284,Female
830,1994-01-08,Manager,40229.64659312257,11317.436076655298,Female
831,1994-01-23,Doctor,42070.74977375365,11471.120645067469,Female
832,1994-02-07,Designer,58795.4602813264,8827.96099841839,Female
833,1994-02-22,Developer,68574.24607150453,6081.171672068018,Female
834,1994-03-09,Manager,50319.073651040926,6547.294738418703,Male
835,1994-03-24,Engineer,54632.49518898446,5419.040422593787,Female
836,1994-04-08,Doctor,75533.22416952858,5840.888958847776,Female
837,1994-04-23,Developer,53611.297692328524,9664.108549753224,Female
838,1994-05-08,Developer,89025.24671270592,6421.200054446241,Female
839,1994-05-23,Designer,58482.64468447316,13410.2603285631,Female
840,1994-06-07,Designer,23588.558612662735,17436.230776679637,Male
841,1994-06-22,Engineer,61300.12431656799,7099.733793149785,Male
842,1994-07-07,Engineer,55717.37577324166,11197.022502676886,Female
843,1994-07-22,Manager,69346.29131124119,12498.425551514669,Male
844,1994-08-06,Manager,60097.72026904937,12360.011354596372,Male
845,1994-08-21,Engineer,47923.16024024339,10379.776339580438,Female
846,1994-09-05,Engineer,31635.526455659514,13713.412091798611,Male
847,1994-09-20,Doctor,46864.65114070962,12411.244763403287,Female
848,1994-10-05,Designer,37242.1931868605,3811.687888363511,Male
849,1994-10-20,Manager,41292.14825292916,14345.780321946366,Male
850,1994-11-04,Designer,58828.67606630914,14436.45418633371,Male
851,1994-11-19,Designer,75048.56756527109,6183.569479107093,Female
852,1994-12-04,Engineer,55920.07294734471,10189.68917723801,Male
853,1994-12-19,Doctor,32061.754069472234,13416.644964055347,Male
854,1995-01-03,Developer,56669.040023302114,8953.430902103191,Female
855,1995-01-18,Doctor,67949.47229968477,15364.89023883006,Female
856,1995-02-02,Doctor,40853.25643520927,21819.362473096804,Male
857,1995-02-17,Designer,47989.742499906235,6070.069836825089,Female
858,1995-03-04,Doctor,50220.32292093796,3094.7769842311254,Male
859,1995-03-19,Manager,38226.5253037664,11519.092978024379,Male
860,1995-04-03,Designer,59724.20650765789,13607.812525630718,Female
861,1995-04-18,Manager,,8845.668130776156,Female
862,1995-05-03,Developer,,17266.303316605172,Female
863,1995-05-18,Designer,36687.6173329685,3306.9710013837557,Male
864,1995-06-02,Developer,43438.125495148844,13464.593115158055,Female
865,1995-06-17,Designer,60835.72036741657,6970.695896205533,Male
866,1995-07-02,Engineer,44407.502718623495,18596.889531036482,Female
867,1995-07-17,Doctor,75904.45776850107,19962.57676584059,Male
868,1995-08-01,Engineer,44005.45721578097,6166.71706108326,Female
869,1995-08-16,Developer,53370.27088627829,7252.214320457099,Male
870,1995-08-31,Doctor,63988.86247809635,14297.93943489901,Female
871,1995-09-15,Designer,28724.514006004523,8064.346751052427,Male
872,1995-09-30,Doctor,23587.86782028836,9772.943910338809,Female
873,1995-10-15,Manager,27115.15528144858,10126.942102712052,Female
874,1995-10-30,Doctor,68938.76155140773,401.6342190117175,Male
875,1995-11-14,Manager,41722.127811613296,9930.811269528815,Female
876,1995-11-29,Doctor,88372.98928502378,6551.361129679131,Male
877,1995-12-14,Manager,41536.286020139174,7534.385888001139,Male
878,1995-12-29,Developer,52768.269547955555,17218.16001734407,Female
879,1996-01-13,Engineer,73131.64928851814,3717.4655286037187,Male
880,1996-01-28,Designer,80091.39332238684,14066.025933739886,Female
881,1996-02-12,Doctor,80922.55364954597,8605.185348340958,Female
882,1996-02-27,Engineer,68125.49345889714,8601.199157520829,Male
883,1996-03-13,Designer,65360.93788717194,13951.859480258558,Female
884,1996-03-28,Designer,58887.90423801775,11700.256472844452,Male
885,1996-04-12,Manager,61675.41614249957,12853.064986097655,Male
886,1996-04-27,Developer,41732.214255072,14840.923302664305,Female
887,1996-05-12,Developer,37727.016748665395,8343.458084083386,Female
888,1996-05-27,Engineer,49949.38313883572,6938.816327461249,Male
889,1996-06-11,Developer,47447.23066212607,4574.24736721101,Male
890,1996-06-26,Doctor,43201.579260090875,5872.947350105224,Female
891,1996-07-11,Developer,60445.81171185073,24745.472126543624,Female
892,1996-07-26,Engineer,64329.57812855766,16223.397903683934,Female
893,1996-08-10,Developer,51326.10329437771,3244.6281689598936,Female
894,1996-08-25,Doctor,72162.95121582893,3387.7102162821493,Male
895,1996-09-09,Manager,32874.66328799742,12409.330308592458,Female
896,1996-09-24,Engineer,47095.10811080423,12736.323986889834,Male
897,1996-10-09,Manager,39247.66519095792,12744.419176586822,Male
898,1996-10-24,Manager,22001.9507439041,8725.221032231511,Female
899,1996-11-08,Manager,48759.78971235951,9372.728699985499,Male
900,1996-11-23,Designer,,11639.397620796786,Female
901,1996-12-07,Designer,72701.74614863197,10429.465031466652,Male
902,1996-12-22,Manager,59462.17526832166,-1096.501863737676,Female
903,1997-01-06,Engineer,34637.19763506192,8851.001847124031,Male
904,1997-01-21,Doctor,77811.38849501283,5742.967828698432,Male
905,1997-02-05,Doctor,68315.5054328803,10876.05709454256,Female
906,1997-02-20,Developer,58731.465552029236,24926.29501301705,Female
907,1997-03-07,Engineer,46602.738517252525,11837.408327371522,Male
908,1997-03-22,Designer,35608.4114491478,8432.35156913801,Male
909,1997-04-06,Manager,,14609.007509886262,Female
910,1997-04-21,Developer,66331.22929556279,12413.439436046063,Male
911,1997-05-06,Doctor,78268.79458901913,12100.472452259206,Female
912,1997-05-21,Designer,73148.65292408284,13034.252966078355,Male
913,1997-06-05,Designer,42667.258673205884,20282.71782414771,Female
914,1997-06-20,Manager,33205.73850066483,4345.557823370422,Male
915,1997-07-05,Doctor,52113.29370366806,12368.160384057272,Female
916,1997-07-20,Engineer,23473.409516557225,5368.094350092308,Female
917,1997-08-04,Designer,54847.515712771725,12777.563231711241,Male
918,1997-08-19,Manager,47785.96120551997,5406.567442569528,Female
919,1997-09-03,Engineer,43009.452471976365,7913.165931974578,Male
920,1997-09-18,Doctor,26079.453990998067,8524.550428810468,Female
921,1997-10-03,Designer,57704.00159854575,14879.083596723545,Female
922,1997-10-18,Engineer,,14592.27221971207,Female
923,1997-11-02,Engineer,32451.24746434568,3771.4131177680774,Male
924,1997-11-17,Engineer,6916.066800775261,10274.670554999244,Female
925,1997-12-02,Designer,49587.27642424046,6452.100726254137,Male
926,1997-12-17,Designer,76583.77395004616,3707.475446623327,Female
927,1998-01-01,Developer,74918.88821821805,8914.914747878149,Male
928,1998-01-16,Doctor,43143.55615120592,8457.586057720902,Male
929,1998-01-31,Manager,40966.81909457329,22133.582431727613,Male
930,1998-02-15,Engineer,57031.613841125356,12164.79912680348,Female
931,1998-03-02,Developer,35024.21841217563,3111.9124962288133,Male
932,1998-03-17,Manager,54526.87849729199,7176.129979145289,Female
933,1998-04-01,Developer,61491.204175770356,15106.916477146991,Male
934,1998-04-16,Designer,68403.99835826461,20442.213864349626,Male
935,1998-05-01,Engineer,48497.68885280071,2070.0834388102085,Male
936,1998-05-16,Manager,46944.893747345515,600.3780743047755,Male
937,1998-05-31,Manager,36830.261198651584,19354.82587685891,Female
938,1998-06-15,Manager,37596.7946894021,11948.070886854519,Male
939,1998-06-30,Manager,46602.8166214771,5658.536340618168,Male
940,1998-07-15,Manager,55510.48260224267,12673.145430612176,Female
941,1998-07-30,Developer,63703.76939349874,-3178.7386950843884,Male
942,1998-08-14,Engineer,37952.31573979482,10016.877532985805,Male
943,1998-08-29,Designer,72390.32853439283,11639.105864215426,Male
944,1998-09-13,Designer,,14621.350697689148,Male
945,1998-09-28,Designer,49679.490584773455,4930.520238537311,Female
946,1998-10-13,Designer,38791.82481278265,10428.435807016795,Female
947,1998-10-28,Developer,13636.396095905875,5372.876869702063,Male
948,1998-11-12,Doctor,63260.68094541575,11276.918778371586,Female
949,1998-11-27,Engineer,61052.6584563865,5523.268388184879,Female
950,1998-12-12,Manager,45780.0866432268,7959.495804198897,Male
951,1998-12-27,Doctor,51004.86075837308,5020.923026048855,Female
952,1999-01-11,Designer,57739.08826556149,13255.681209118286,Male
953,1999-01-26,Doctor,26561.81214670186,14292.255583283328,Female
954,1999-02-10,Engineer,42064.209839805575,8826.897150212932,Female
955,1999-02-25,Manager,61913.970194327405,10191.189974800141,Female
956,1999-03-12,Manager,31185.658652461258,2757.0429268322796,Male
957,1999-03-27,Engineer,54403.368982499436,8501.616759966064,Female
958,1999-04-11,Engineer,29651.272930648924,9748.976914791276,Male
959,1999-04-26,Designer,56996.449736502895,23103.965455149875,Male
960,1999-05-11,Manager,,4440.164871129182,Female
961,1999-05-26,Doctor,25773.022761417356,17320.886193762188,Male
962,1999-06-10,Developer,67471.09031685758,14984.293867329041,Female
963,1999-06-25,Developer,38981.12634802926,11403.182022450681,Male
964,1999-07-10,Engineer,37846.213444784284,18793.102420975665,Male
965,1999-07-25,Designer,53008.53795846414,11860.527363034314,Female
966,1999-08-09,Developer,67229.56024143074,11945.795978339644,Female
967,1999-08-24,Manager,34762.67271532405,9734.396734912274,Female
968,1999-09-08,Engineer,50925.197747719576,16117.844412093138,Female
969,1999-09-23,Doctor,56432.24750495859,15482.346169054417,Male
970,1999-10-08,Engineer,60396.584108947165,6871.613562518938,Male
971,1999-10-23,Doctor,52646.62332915838,3403.764027006163,Male
972,1999-11-07,Engineer,44494.58241375016,8985.096813021715,Female
973,1999-11-22,Engineer,37586.146690269205,5999.807178011768,Male
974,1999-12-07,Engineer,51292.158245695624,9682.377126923224,Female
975,1999-12-22,Doctor,33917.9148202159,16187.190673420697,Male
976,2000-01-06,Doctor,6179.742747580887,7713.49172456605,Female
977,2000-01-21,Engineer,56548.39706236502,9785.883093442126,Male
978,2000-02-05,Developer,,10290.113674041977,Male
979,2000-02-20,Designer,14556.01346687242,14242.154411026422,Female
980,2000-03-06,Designer,34854.03942935094,-1234.446669923027,Male
981,2000-03-21,Designer,59287.31391507797,6966.498526173516,Female
982,2000-04-05,Doctor,80862.43204567548,11056.418461397363,Male
983,2000-04-20,Doctor,50311.905615131116,16000.394782134306,Male
984,2000-05-05,Developer,39079.955881562986,7540.487762468974,Female
985,2000-05-20,Designer,47256.553383427396,617.2364697906305,Female
986,2000-06-04,Designer,70623.14628722277,13098.557229830682,Male
987,2000-06-19,Engineer,40310.53731313197,6823.188055871853,Male
988,2000-07-04,Doctor,38012.119900246194,4051.6667045481936,Male
989,2000-07-19,Designer,42758.847167269516,6878.27305143388,Male
990,2000-08-03,Developer,35700.07087611932,9077.373211720753,Male
991,2000-08-18,Developer,51840.054739921936,6976.276677308936,Male
992,2000-09-02,Designer,74370.17687704341,-1027.8302854953454,Female
993,2000-09-17,Doctor,54846.18909674043,14485.33098443566,Female
994,2000-10-02,Developer,,16374.375206393612,Female
995,2000-10-17,Engineer,45622.83096626684,13257.609956697528,Male
996,2000-11-01,Developer,26552.137869550144,4311.571647875917,Male
997,2000-11-16,Manager,,8992.54233026241,Male
998,2000-12-01,Manager,48832.44204480797,9967.393423852709,Female
999,2000-12-16,Doctor,47292.80129614061,12993.97194780955,Female
1000,2000-12-31,Designer,97896.61351767291,13341.702443590404,Male
